{"f0": 1184.129638671875, "f1": 15160.064453125, "f2": 2930.510986328125, "f3": 649.5606689453125, "f4": 338.4094543457031, "f5": 15406.9453125, "f6": 3268.015625, "f7": 518.328369140625, "f8": 959.8585815429688, "f9": 25873.255859375}