{
  "train_r2": 0.9549727455450138,
  "test_r2": 0.8904079131326825,
  "test_rmse": 4018733.268708336,
  "test_mae": 2299103.761879787,
  "cv_r2_mean": 0.8795143132669031,
  "cv_r2_std": 0.004384779813242351
}