{"f0": 1205.605712890625, "f1": 15174.6171875, "f2": 2603.0849609375, "f3": 814.9022827148438, "f4": 256.26580810546875, "f5": 13833.400390625, "f6": 2903.990966796875, "f7": 524.7542114257812, "f8": 878.012451171875, "f9": 24868.43359375}