{"f0": 1184.129638671875, "f1": 15160.0625, "f2": 2930.510986328125, "f3": 649.5606689453125, "f4": 338.409423828125, "f5": 15406.943359375, "f6": 3268.015625, "f7": 518.3284301757812, "f8": 959.8584594726562, "f9": 25873.255859375}