{
  "train": {
    "rmse": 1025586.3430615681,
    "mae": 434135.3540491602,
    "r2": 0.9929355797193204,
    "mape": 2.609807755411105
  },
  "test": {
    "rmse": 2951676.2941825953,
    "mae": 873970.08248002,
    "r2": 0.9397464298674696,
    "mape": 4.02413299136025
  },
  "cross_validation": {
    "mean_rmse": 3270387.1004548226,
    "std_rmse": 86259.79453472851,
    "fold_scores": [
      3211964.1581932013,
      3423635.926902095,
      3268313.5411804593,
      3278781.008473882,
      3169240.8675244744
    ]
  }
}